,Year,StateCode,MSN,Data,Unit,rate
4720,1960,AZ,BMTCB,4012.94849,Billion Btu,0.013459694208078795
4725,1965,AZ,BMTCB,3695.21696,Billion Btu,0.01001138353293221
4730,1970,AZ,BMTCB,4339.3804,Billion Btu,0.008765530356894395
4735,1975,AZ,BMTCB,5413.77876,Billion Btu,0.008402778670677402
4740,1980,AZ,BMTCB,17835.00581,Billion Btu,0.021230426653998612
4745,1985,AZ,BMTCB,25557.79475,Billion Btu,0.026085692340876248
4750,1990,AZ,BMTCB,13740.58609,Billion Btu,0.012115802656118023
4755,1995,AZ,BMTCB,16653.19869,Billion Btu,0.01312602758847658
4760,2000,AZ,BMTCB,13603.41768,Billion Btu,0.00865441758817045
4765,2005,AZ,BMTCB,25121.70525,Billion Btu,0.014802659626862924
4769,2009,AZ,BMTCB,35412.81309,Billion Btu,0.02041115753207314
4770,1960,CA,BMTCB,82097.53052,Billion Btu,0.023820154384020326
4775,1965,CA,BMTCB,97487.844,Billion Btu,0.022172229980138795
4780,1970,CA,BMTCB,116838.7983,Billion Btu,0.021726525770629748
4785,1975,CA,BMTCB,127489.4036,Billion Btu,0.02261878301770523
4790,1980,CA,BMTCB,115610.0496,Billion Btu,0.018914592473680887
4795,1985,CA,BMTCB,167092.6847,Billion Btu,0.028208461234223693
4800,1990,CA,BMTCB,222588.6624,Billion Btu,0.03301035308020601
4805,1995,CA,BMTCB,181976.7564,Billion Btu,0.02713614463726814
4810,2000,CA,BMTCB,164988.6785,Billion Btu,0.022838079402966945
4815,2005,CA,BMTCB,225495.2407,Billion Btu,0.03066380328529446
4819,2009,CA,BMTCB,224662.5224,Billion Btu,0.03210834934058006
4820,1960,NM,BMTCB,6627.60303,Billion Btu,0.02033360596154181
4825,1965,NM,BMTCB,5626.92142,Billion Btu,0.013954299112154775
4830,1970,NM,BMTCB,4857.5794,Billion Btu,0.00877978617663145
4835,1975,NM,BMTCB,5342.7819,Billion Btu,0.008997208617515866
4840,1980,NM,BMTCB,5245.14218,Billion Btu,0.008169616510850752
4845,1985,NM,BMTCB,9184.80922,Billion Btu,0.014593050288668648
4850,1990,NM,BMTCB,5892.26845,Billion Btu,0.007879317392025789
4855,1995,NM,BMTCB,6322.92408,Billion Btu,0.008881855882285869
4860,2000,NM,BMTCB,7323.19479,Billion Btu,0.008927798758730832
4865,2005,NM,BMTCB,13020.14274,Billion Btu,0.01578847683261591
4869,2009,NM,BMTCB,17295.22312,Billion Btu,0.020681776045570862
4870,1960,TX,BMTCB,38296.32121,Billion Btu,0.008620317620096742
4875,1965,TX,BMTCB,41195.86221,Billion Btu,0.00797042368738658
4880,1970,TX,BMTCB,52206.96065,Billion Btu,0.0077155513521170015
4885,1975,TX,BMTCB,55819.63573,Billion Btu,0.007550020982314689
4890,1980,TX,BMTCB,55647.5248,Billion Btu,0.006102870828161246
4895,1985,TX,BMTCB,81665.57669,Billion Btu,0.009324192956264635
4900,1990,TX,BMTCB,98023.52176,Billion Btu,0.00989723787776401
4905,1995,TX,BMTCB,103692.7819,Billion Btu,0.009725122282889508
4910,2000,TX,BMTCB,87162.14782,Billion Btu,0.00724158055822188
4915,2005,TX,BMTCB,81539.61821,Billion Btu,0.007112366246907651
4919,2009,TX,BMTCB,148263.5744,Billion Btu,0.013242020921896863
11880,1960,AZ,CLTCB,209.57935,Billion Btu,0.0007029429783007054
11885,1965,AZ,CLTCB,7030.44355,Billion Btu,0.01904745175928167
11890,1970,AZ,CLTCB,8622.9298,Billion Btu,0.017418282326036528
11895,1975,AZ,CLTCB,92448.56979,Billion Btu,0.14349032437484444
11900,1980,AZ,CLTCB,244994.3448,Billion Btu,0.29163626428450523
11905,1985,AZ,CLTCB,342012.7337,Billion Btu,0.34907702465058094
11910,1990,AZ,CLTCB,343414.509,Billion Btu,0.3028067647943878
11915,1995,AZ,CLTCB,342889.3714,Billion Btu,0.2702649162226378
11920,2000,AZ,CLTCB,432810.0454,Billion Btu,0.2753513093076335
11925,2005,AZ,CLTCB,428444.8054,Billion Btu,0.2524558966089184
11929,2009,AZ,CLTCB,413259.9226,Billion Btu,0.23819382437773323
11930,1960,CA,CLTCB,35903.06676,Billion Btu,0.010417080607249773
11935,1965,CA,CLTCB,63692.80664,Billion Btu,0.014486027169731967
11940,1970,CA,CLTCB,61811.50474,Billion Btu,0.011494035116715274
11945,1975,CA,CLTCB,56405.23,Billion Btu,0.01000724469961955
11950,1980,CA,CLTCB,66169.6168,Billion Btu,0.010825800527220156
11955,1985,CA,CLTCB,45264.37754,Billion Btu,0.007641498138717473
11960,1990,CA,CLTCB,84159.70697,Billion Btu,0.012481056367614771
11965,1995,CA,CLTCB,84323.12291,Billion Btu,0.012574157847512323
11970,2000,CA,CLTCB,70011.69418,Billion Btu,0.009691165753649447
11975,2005,CA,CLTCB,67422.33819,Billion Btu,0.009168376719947137
11979,2009,CA,CLTCB,52403.09775,Billion Btu,0.007489353146715872
11980,1960,NM,CLTCB,4064.49554,Billion Btu,0.01246994582637278
11985,1965,NM,CLTCB,44277.1291,Billion Btu,0.1098036132320633
11990,1970,NM,CLTCB,99380.42098,Billion Btu,0.1796242067289766
11995,1975,NM,CLTCB,132535.212,Billion Btu,0.2231884014450772
12000,1980,NM,CLTCB,202870.412,Billion Btu,0.31598256263823427
12005,1985,NM,CLTCB,268374.4625,Billion Btu,0.4263999320670614
12010,1990,NM,CLTCB,275661.3811,Billion Btu,0.3686226336838199
12015,1995,NM,CLTCB,275216.5085,Billion Btu,0.38659856325886865
12020,2000,NM,CLTCB,305512.8733,Billion Btu,0.3724545815370876
12025,2005,NM,CLTCB,317916.0977,Billion Btu,0.38551120701861874
12029,2009,NM,CLTCB,306161.5315,Billion Btu,0.366110583501509
12030,1960,TX,CLTCB,24973.50023,Billion Btu,0.005621414727740086
12035,1965,TX,CLTCB,29182.3709,Billion Btu,0.005646097636936942
12040,1970,TX,CLTCB,30766.97153,Billion Btu,0.004546982736273056
12045,1975,TX,CLTCB,196171.6773,Billion Btu,0.02653367870250819
12050,1980,TX,CLTCB,734144.6213,Billion Btu,0.08051373010903902
12055,1985,TX,CLTCB,1148998.132,Billion Btu,0.13118722383879886
12060,1990,TX,CLTCB,1333670.519,Billion Btu,0.1346580304411212
12065,1995,TX,CLTCB,1364800.239,Billion Btu,0.12800166967062368
12070,2000,TX,CLTCB,1548184.286,Billion Btu,0.12862580267290877
12075,2005,TX,CLTCB,1627863.257,Billion Btu,0.1419918309385466
12079,2009,TX,CLTCB,1497854.311,Billion Btu,0.13377944113706333
33092,1960,AZ,GETCB,0.0,Billion Btu,0.0
33097,1965,AZ,GETCB,0.0,Billion Btu,0.0
33102,1970,AZ,GETCB,0.0,Billion Btu,0.0
33107,1975,AZ,GETCB,0.0,Billion Btu,0.0
33112,1980,AZ,GETCB,0.0,Billion Btu,0.0
33117,1985,AZ,GETCB,0.0,Billion Btu,0.0
33122,1990,AZ,GETCB,235.70453,Billion Btu,0.00020783317042868949
33127,1995,AZ,GETCB,236.85549,Billion Btu,0.00018668916128941824
33132,2000,AZ,GETCB,286.2,Billion Btu,0.00018207882548339002
33137,2005,AZ,GETCB,282.94431,Billion Btu,0.0001667214973110787
33141,2009,AZ,GETCB,329.09862,Billion Btu,0.00018968512214311285
33142,1960,CA,GETCB,359.03968,Billion Btu,0.00010417342097160627
33147,1965,CA,GETCB,1977.85394,Billion Btu,0.00044983487812904797
33152,1970,CA,GETCB,5511.2704,Billion Btu,0.001024837298198307
33157,1975,CA,GETCB,33779.66583,Billion Btu,0.005993085780027617
33162,1980,CA,GETCB,52699.14465,Billion Btu,0.008621939426676887
33167,1985,CA,GETCB,96079.59621,Billion Btu,0.016220085098014172
33172,1990,CA,GETCB,152147.484,Billion Btu,0.02256378250784167
33177,1995,CA,GETCB,120056.8554,Billion Btu,0.017902727014591332
33182,2000,CA,GETCB,127599.7127,Billion Btu,0.01766262022905026
33187,2005,CA,GETCB,132375.377,Billion Btu,0.01800096759268185
33191,2009,CA,GETCB,127461.1205,Billion Btu,0.01821650598700734
33192,1960,NM,GETCB,0.0,Billion Btu,0.0
33197,1965,NM,GETCB,0.0,Billion Btu,0.0
33202,1970,NM,GETCB,0.0,Billion Btu,0.0
33207,1975,NM,GETCB,0.0,Billion Btu,0.0
33212,1980,NM,GETCB,0.0,Billion Btu,0.0
33217,1985,NM,GETCB,0.0,Billion Btu,0.0
33222,1990,NM,GETCB,117.28053,Billion Btu,0.00015683102825618923
33227,1995,NM,GETCB,158.53529,Billion Btu,0.00022269563578824374
33232,2000,NM,GETCB,687.9,Billion Btu,0.0008386275310493195
33237,2005,NM,GETCB,690.1241,Billion Btu,0.0008368578272959782
33241,2009,NM,GETCB,317.06702,Billion Btu,0.0003791514601215817
33242,1960,TX,GETCB,0.0,Billion Btu,0.0
33247,1965,TX,GETCB,0.0,Billion Btu,0.0
33252,1970,TX,GETCB,0.0,Billion Btu,0.0
33257,1975,TX,GETCB,0.0,Billion Btu,0.0
33262,1980,TX,GETCB,0.0,Billion Btu,0.0
33267,1985,TX,GETCB,0.0,Billion Btu,0.0
33272,1990,TX,GETCB,236.37632,Billion Btu,2.3866441704047448e-05
33277,1995,TX,GETCB,370.3163,Billion Btu,3.473116676839004e-05
33282,2000,TX,GETCB,562.0,Billion Btu,4.66919227613028e-05
33287,2005,TX,GETCB,1161.03664,Billion Btu,0.0001012724610568062
33291,2009,TX,GETCB,2057.02446,Billion Btu,0.00018372119413960112
34212,1960,AZ,HYEGB,32168.50488,Billion Btu,0.10789528943489889
34217,1965,AZ,HYEGB,46399.81125,Billion Btu,0.12571015756525772
34222,1970,AZ,HYEGB,64439.24652,Billion Btu,0.13016700991377975
34227,1975,AZ,HYEGB,75334.5908,Billion Btu,0.11692755112483579
34232,1980,AZ,HYEGB,102013.5153,Billion Btu,0.12143480508870187
34237,1985,AZ,HYEGB,145963.8229,Billion Btu,0.14897871331670925
34242,1990,AZ,HYEGB,77157.62555,Billion Btu,0.06803396583343628
34247,1995,AZ,HYEGB,85470.17673,Billion Btu,0.06736747207751888
34252,2000,AZ,HYEGB,85221.35742,Billion Btu,0.05421734683834307
34257,2005,AZ,HYEGB,64094.23194,Billion Btu,0.03776674752017585
34261,2009,AZ,HYEGB,62730.8872,Billion Btu,0.03615668762353921
34262,1960,CA,HYEGB,187703.853,Billion Btu,0.054461257587354976
34267,1965,CA,HYEGB,319051.8179,Billion Btu,0.07256381915739325
34272,1970,CA,HYEGB,399627.9851,Billion Btu,0.07431202514293568
34277,1975,CA,HYEGB,417308.8107,Billion Btu,0.07403766253558602
34282,1980,CA,HYEGB,423618.4329,Billion Btu,0.06930686432853872
34287,1985,CA,HYEGB,331348.1572,Billion Btu,0.05593794644085731
34292,1990,CA,HYEGB,247413.0471,Billion Btu,0.036691860013713974
34297,1995,CA,HYEGB,495276.7701,Billion Btu,0.07385504794563202
34302,2000,CA,HYEGB,390961.0574,Billion Btu,0.05411765069910004
34307,2005,CA,HYEGB,396224.7832,Billion Btu,0.05388033366507875
34311,2009,CA,HYEGB,272184.017,Billion Btu,0.038900032855495
34312,1960,NM,HYEGB,745.4528,Billion Btu,0.00228706267251013
34317,1965,NM,HYEGB,447.98422,Billion Btu,0.0011109637645171434
34322,1970,NM,HYEGB,690.03297,Billion Btu,0.0012471935984054
34327,1975,NM,HYEGB,659.5635,Billion Btu,0.0011107004772174822
34332,1980,NM,HYEGB,977.49002,Billion Btu,0.0015224980243688706
34337,1985,NM,HYEGB,1336.18175,Billion Btu,0.002122958354985982
34342,1990,NM,HYEGB,2136.93487,Billion Btu,0.002857573145164045
34347,1995,NM,HYEGB,2721.54304,Billion Btu,0.0038229706308158247
34352,2000,NM,HYEGB,2255.97155,Billion Btu,0.002750283254970209
34357,2005,NM,HYEGB,1649.76501,Billion Btu,0.002000536949539261
34361,2009,NM,HYEGB,2644.59888,Billion Btu,0.0031624340077624586
34362,1960,TX,HYEGB,11858.66056,Billion Btu,0.0026693274274454597
34367,1965,TX,HYEGB,7770.917,Billion Btu,0.0015034883992421982
34372,1970,TX,HYEGB,10549.85956,Billion Btu,0.0015591404322213207
34377,1975,TX,HYEGB,19997.35588,Billion Btu,0.0027047911458094715
34382,1980,TX,HYEGB,10171.1505,Billion Btu,0.0011154713151821565
34387,1985,TX,HYEGB,14635.59929,Billion Btu,0.0016710241614841855
34392,1990,TX,HYEGB,18657.28725,Billion Btu,0.0018837887759137327
34397,1995,TX,HYEGB,17564.92458,Billion Btu,0.0016473763776052345
34402,2000,TX,HYEGB,8456.25156,Billion Btu,0.0007025598659958476
34407,2005,TX,HYEGB,13324.26754,Billion Btu,0.0011622211729296647
34411,2009,TX,HYEGB,10039.69525,Billion Btu,0.0008966858858487669
62732,1960,AZ,NGTCB,140274.585,Billion Btu,0.470490220338003
62737,1965,AZ,NGTCB,166063.384,Billion Btu,0.44991248037587434
62742,1970,AZ,NGTCB,204382.7089,Billion Btu,0.4128522217796947
62747,1975,AZ,NGTCB,164345.6261,Billion Btu,0.25508244478246894
62752,1980,AZ,NGTCB,173977.1714,Billion Btu,0.20709887152416045
62757,1985,AZ,NGTCB,137315.0258,Billion Btu,0.1401512748590441
62762,1990,AZ,NGTCB,130781.2465,Billion Btu,0.11531675310911907
62767,1995,AZ,NGTCB,127944.6977,Billion Btu,0.10084582926509814
62772,2000,AZ,NGTCB,208137.0766,Billion Btu,0.13241563398628367
62777,2005,AZ,NGTCB,329301.673,Billion Btu,0.19403701028518025
62781,2009,AZ,NGTCB,376674.7907,Billion Btu,0.2171069683676005
62782,1960,CA,NGTCB,1301826.105,Billion Btu,0.377717802299711
62787,1965,CA,NGTCB,1813213.342,Billion Btu,0.41238970493469995
62792,1970,CA,NGTCB,2241295.478,Billion Btu,0.4167756316470342
62797,1975,CA,NGTCB,1937321.759,Billion Btu,0.34371374612266226
62802,1980,CA,NGTCB,1890886.554,Billion Btu,0.3093619344219431
62807,1985,CA,NGTCB,1925458.889,Billion Btu,0.32505452004654944
62812,1990,CA,NGTCB,2101602.035,Billion Btu,0.3116718725087656
62817,1995,CA,NGTCB,2109955.873,Billion Btu,0.3146339613952003
62822,2000,CA,NGTCB,2456438.192,Billion Btu,0.34002533378298777
62827,2005,CA,NGTCB,2304462.868,Billion Btu,0.31337067622029635
62831,2009,CA,NGTCB,2391376.808,Billion Btu,0.3417711202383672
62832,1960,NM,NGTCB,207301.185,Billion Btu,0.6360037847877381
62837,1965,NM,NGTCB,224252.552,Billion Btu,0.5561277568493292
62842,1970,NM,NGTCB,292521.9324,Billion Btu,0.5287160140803956
62847,1975,NM,NGTCB,255637.1358,Billion Btu,0.4304912093036839
62852,1980,NM,NGTCB,231330.1814,Billion Btu,0.36031032230732385
62857,1985,NM,NGTCB,162311.5483,Billion Btu,0.25788457114774677
62862,1990,NM,NGTCB,251469.9307,Billion Btu,0.3362731035338402
62867,1995,NM,NGTCB,219475.7233,Billion Btu,0.3082990906338782
62872,2000,NM,NGTCB,259018.0439,Billion Btu,0.3157721509711895
62877,2005,NM,NGTCB,225351.9866,Billion Btu,0.27326617616006804
62881,2009,NM,NGTCB,247119.5569,Billion Btu,0.29550768422156704
62882,1960,TX,NGTCB,2815482.555,Billion Btu,0.6337515748537219
62887,1965,TX,NGTCB,3181455.854,Billion Btu,0.6155363606624779
62892,1970,TX,NGTCB,4203877.355,Billion Btu,0.6212817449372874
62897,1975,TX,NGTCB,4046930.491,Billion Btu,0.547377454571918
62902,1980,TX,NGTCB,4226104.775,Billion Btu,0.463477425829737
62907,1985,TX,NGTCB,3514372.642,Billion Btu,0.4012546039883422
62912,1990,TX,NGTCB,3877832.712,Billion Btu,0.39153697104259944
62917,1995,TX,NGTCB,4037538.724,Billion Btu,0.37867204537601157
62922,2000,TX,NGTCB,4550105.655,Billion Btu,0.3780305725961336
62927,2005,TX,NGTCB,3625116.415,Billion Btu,0.31620402691552985
62931,2009,TX,NGTCB,3462210.402,Billion Btu,0.3092240475438918
66892,1960,AZ,NUETB,0.0,Billion Btu,0.0
66897,1965,AZ,NUETB,0.0,Billion Btu,0.0
66902,1970,AZ,NUETB,0.0,Billion Btu,0.0
66907,1975,AZ,NUETB,0.0,Billion Btu,0.0
66912,1980,AZ,NUETB,0.0,Billion Btu,0.0
66917,1985,AZ,NUETB,12004.66574,Billion Btu,0.012252622740414547
66922,1990,AZ,NUETB,217964.745,Billion Btu,0.19219106223809462
66927,1995,AZ,NUETB,283526.2151,Billion Btu,0.22347496062085023
66932,2000,AZ,NUETB,316838.975,Billion Btu,0.20157116853725077
66937,2005,AZ,NUETB,269326.5065,Billion Btu,0.15869737203494916
66941,2009,AZ,NUETB,320722.9615,Billion Btu,0.18485757894162053
66942,1960,CA,NUETB,0.51168,Billion Btu,1.4846118413082225e-07
66947,1965,CA,NUETB,3192.78133,Billion Btu,0.0007261529132294014
66952,1970,CA,NUETB,34375.38659,Billion Btu,0.006392206471563781
66957,1975,CA,NUETB,66855.44071,Billion Btu,0.011861289364228752
66962,1980,CA,NUETB,53664.94933,Billion Btu,0.008779951658265565
66967,1985,CA,NUETB,209564.9433,Billion Btu,0.035378595955555536
66972,1990,CA,NUETB,345955.2837,Billion Btu,0.051305874889429406
66977,1995,CA,NUETB,317794.0496,Billion Btu,0.04738904827962284
66982,2000,CA,NUETB,366845.3417,Billion Btu,0.05077950268177425
66987,2005,CA,NUETB,377312.5155,Billion Btu,0.05130856294995683
66991,2009,CA,NUETB,332249.3898,Billion Btu,0.047484464083863406
66992,1960,NM,NUETB,0.0,Billion Btu,0.0
66997,1965,NM,NUETB,0.0,Billion Btu,0.0
67002,1970,NM,NUETB,0.0,Billion Btu,0.0
67007,1975,NM,NUETB,0.0,Billion Btu,0.0
67012,1980,NM,NUETB,0.0,Billion Btu,0.0
67017,1985,NM,NUETB,0.0,Billion Btu,0.0
67022,1990,NM,NUETB,0.0,Billion Btu,0.0
67027,1995,NM,NUETB,0.0,Billion Btu,0.0
67032,2000,NM,NUETB,0.0,Billion Btu,0.0
67037,2005,NM,NUETB,0.0,Billion Btu,0.0
67041,2009,NM,NUETB,0.0,Billion Btu,0.0
67042,1960,TX,NUETB,0.0,Billion Btu,0.0
67047,1965,TX,NUETB,0.0,Billion Btu,0.0
67052,1970,TX,NUETB,0.0,Billion Btu,0.0
67057,1975,TX,NUETB,0.0,Billion Btu,0.0
67062,1980,TX,NUETB,0.0,Billion Btu,0.0
67067,1985,TX,NUETB,0.0,Billion Btu,0.0
67072,1990,TX,NUETB,167822.6682,Billion Btu,0.01694471733553089
67077,1995,TX,NUETB,379841.9718,Billion Btu,0.0356245589735583
67082,2000,TX,NUETB,391669.5112,Billion Btu,0.03254057395891036
67087,2005,TX,NUETB,398994.297,Billion Btu,0.034802635001097176
67091,2009,TX,NUETB,434065.0738,Billion Btu,0.03876811153370052
81252,1960,AZ,PMTCB,121479.9737,Billion Btu,0.40745185304071874
81257,1965,AZ,PMTCB,145912.6723,Billion Btu,0.39531852676665397
81262,1970,AZ,PMTCB,213266.2588,Billion Btu,0.4307969556235947
81267,1975,AZ,PMTCB,306741.7805,Billion Btu,0.47609690104717345
81272,1980,AZ,PMTCB,301248.1394,Billion Btu,0.35859963244863385
81277,1985,AZ,PMTCB,316908.9021,Billion Btu,0.32345467209237494
81282,1990,AZ,PMTCB,347127.6117,Billion Btu,0.3060808041447063
81287,1995,AZ,PMTCB,408050.8462,Billion Btu,0.32162509824245744
81292,2000,AZ,PMTCB,511434.6574,Billion Btu,0.32537184392345203
81297,2005,AZ,PMTCB,577544.9484,Billion Btu,0.3403113445246441
81301,2009,AZ,PMTCB,520822.3276,Billion Btu,0.30019040136256525
81302,1960,CA,PMTCB,1838667.342,Billion Btu,0.5334793832395082
81307,1965,CA,PMTCB,2098227.899,Billion Btu,0.4772122309666777
81312,1970,CA,PMTCB,2518242.369,Billion Btu,0.468274738552923
81317,1975,CA,PMTCB,2997279.259,Billion Btu,0.5317681884801704
81322,1980,CA,PMTCB,3509565.923,Billion Btu,0.5741889171636746
81327,1985,CA,PMTCB,3148547.664,Billion Btu,0.5315354462315941
81332,1990,CA,PMTCB,3538334.141,Billion Btu,0.5247421771206863
81337,1995,CA,PMTCB,3339422.545,Billion Btu,0.4979704824878067
81342,2000,CA,PMTCB,3588427.106,Billion Btu,0.496717616770213
81347,2005,CA,PMTCB,3785846.076,Billion Btu,0.514815474519538
81351,2009,CA,PMTCB,3508281.984,Billion Btu,0.5013971281199117
81352,1960,NM,PMTCB,107204.5834,Billion Btu,0.3289056007518371
81357,1965,NM,PMTCB,128634.6856,Billion Btu,0.31900336704193544
81362,1970,NM,PMTCB,155818.5652,Billion Btu,0.2816327994155909
81367,1975,NM,PMTCB,199651.9176,Billion Btu,0.3362124801565057
81372,1980,NM,PMTCB,201607.1773,Billion Btu,0.3140150005192223
81377,1985,NM,PMTCB,188189.1175,Billion Btu,0.2989994881415374
81382,1990,NM,PMTCB,211953.7876,Billion Btu,0.2834309365084037
81387,1995,NM,PMTCB,207396.4808,Billion Btu,0.291331293821081
81392,2000,NM,PMTCB,245018.4372,Billion Btu,0.29870505458729285
81397,2005,NM,PMTCB,257878.6477,Billion Btu,0.3127086343169975
81401,2009,NM,PMTCB,247337.7781,Billion Btu,0.29576863500291756
81402,1960,TX,PMTCB,1551953.947,Billion Btu,0.34933736537099574
81407,1965,TX,PMTCB,1908986.256,Billion Btu,0.3693436296139564
81412,1970,TX,PMTCB,2469057.693,Billion Btu,0.3648965805421012
81417,1975,TX,PMTCB,3074389.529,Billion Btu,0.4158340545974497
81422,1980,TX,PMTCB,4092185.676,Billion Btu,0.4487905019178806
81427,1985,TX,PMTCB,3998788.656,Billion Btu,0.45656295505511024
81432,1990,TX,PMTCB,4407508.01,Billion Btu,0.4450172207638531
81437,1995,TX,PMTCB,4758067.021,Billion Btu,0.4462488397122346
81442,2000,TX,PMTCB,5444615.299,Billion Btu,0.4523479662026966
81447,2005,TX,PMTCB,5673554.977,Billion Btu,0.49488091561165665
81451,2009,TX,PMTCB,5445681.56,Billion Btu,0.4863758980810592
91572,1960,AZ,SOTCB,0.0,Billion Btu,0.0
91577,1965,AZ,SOTCB,0.0,Billion Btu,0.0
91582,1970,AZ,SOTCB,0.0,Billion Btu,0.0
91587,1975,AZ,SOTCB,0.0,Billion Btu,0.0
91592,1980,AZ,SOTCB,0.0,Billion Btu,0.0
91597,1985,AZ,SOTCB,0.0,Billion Btu,0.0
91602,1990,AZ,SOTCB,3682.45319,Billion Btu,0.003247014053709283
91607,1995,AZ,SOTCB,3944.4461,Billion Btu,0.0031090068216713777
91612,2000,AZ,SOTCB,3514.96514,Billion Btu,0.0022362009933831572
91617,2005,AZ,SOTCB,2990.7242,Billion Btu,0.0017622479019580852
91621,2009,AZ,SOTCB,4732.12723,Billion Btu,0.0027274928458201992
91622,1960,CA,SOTCB,0.0,Billion Btu,0.0
91627,1965,CA,SOTCB,0.0,Billion Btu,0.0
91632,1970,CA,SOTCB,0.0,Billion Btu,0.0
91637,1975,CA,SOTCB,0.0,Billion Btu,0.0
91642,1980,CA,SOTCB,0.0,Billion Btu,0.0
91647,1985,CA,SOTCB,111.05328,Billion Btu,1.874793112240532e-05
91652,1990,CA,SOTCB,22097.26351,Billion Btu,0.003277069293226735
91657,1995,CA,SOTCB,25428.63311,Billion Btu,0.0037918857311877298
91662,2000,CA,SOTCB,23120.78743,Billion Btu,0.0032004279565489096
91667,2005,CA,SOTCB,22035.08045,Billion Btu,0.0029964240939052236
91671,2009,CA,SOTCB,31397.00543,Billion Btu,0.004487201549351647
91672,1960,NM,SOTCB,0.0,Billion Btu,0.0
91677,1965,NM,SOTCB,0.0,Billion Btu,0.0
91682,1970,NM,SOTCB,0.0,Billion Btu,0.0
91687,1975,NM,SOTCB,0.0,Billion Btu,0.0
91692,1980,NM,SOTCB,0.0,Billion Btu,0.0
91697,1985,NM,SOTCB,0.0,Billion Btu,0.0
91702,1990,NM,SOTCB,582.99977,Billion Btu,0.0007796047084901632
91707,1995,NM,SOTCB,600.50254,Billion Btu,0.0008435301372820857
91712,2000,NM,SOTCB,452.381,Billion Btu,0.0005515033596796368
91717,2005,NM,SOTCB,208.83508,Billion Btu,0.0002532374558604486
91721,2009,NM,SOTCB,282.52701,Billion Btu,0.00033784822011852483
91722,1960,TX,SOTCB,0.0,Billion Btu,0.0
91727,1965,TX,SOTCB,0.0,Billion Btu,0.0
91732,1970,TX,SOTCB,0.0,Billion Btu,0.0
91737,1975,TX,SOTCB,0.0,Billion Btu,0.0
91742,1980,TX,SOTCB,0.0,Billion Btu,0.0
91747,1985,TX,SOTCB,0.0,Billion Btu,0.0
91752,1990,TX,SOTCB,378.01408,Billion Btu,3.816732151354725e-05
91757,1995,TX,SOTCB,486.80553,Billion Btu,4.565644030847278e-05
91762,2000,TX,SOTCB,567.51766,Billion Btu,4.7150339406397336e-05
91767,2005,TX,SOTCB,563.56815,Billion Btu,4.9157736765078576e-05
91771,2009,TX,SOTCB,819.76122,Billion Btu,7.321619804547013e-05
104824,1960,AZ,WYEGB,0.0,Billion Btu,0.0
104829,1965,AZ,WYEGB,0.0,Billion Btu,0.0
104834,1970,AZ,WYEGB,0.0,Billion Btu,0.0
104839,1975,AZ,WYEGB,0.0,Billion Btu,0.0
104844,1980,AZ,WYEGB,0.0,Billion Btu,0.0
104849,1985,AZ,WYEGB,0.0,Billion Btu,0.0
104854,1990,AZ,WYEGB,0.0,Billion Btu,0.0
104859,1995,AZ,WYEGB,0.0,Billion Btu,0.0
104864,2000,AZ,WYEGB,0.0,Billion Btu,0.0
104869,2005,AZ,WYEGB,0.0,Billion Btu,0.0
104873,2009,AZ,WYEGB,288.3592,Billion Btu,0.00016620382690480534
104874,1960,CA,WYEGB,0.0,Billion Btu,0.0
104879,1965,CA,WYEGB,0.0,Billion Btu,0.0
104884,1970,CA,WYEGB,0.0,Billion Btu,0.0
104889,1975,CA,WYEGB,0.0,Billion Btu,0.0
104894,1980,CA,WYEGB,0.0,Billion Btu,0.0
104899,1985,CA,WYEGB,27.83405,Billion Btu,4.698923365951783e-06
104904,1990,CA,WYEGB,28697.88016,Billion Btu,0.004255954218515664
104909,1995,CA,WYEGB,31830.63818,Billion Btu,0.00474654466117866
104914,2000,CA,WYEGB,35887.35262,Billion Btu,0.004967602723709517
104919,2005,CA,WYEGB,42618.02787,Billion Btu,0.005795380953301322
104923,2009,CA,WYEGB,56996.57722,Billion Btu,0.00814584467870778
104924,1960,NM,WYEGB,0.0,Billion Btu,0.0
104929,1965,NM,WYEGB,0.0,Billion Btu,0.0
104934,1970,NM,WYEGB,0.0,Billion Btu,0.0
104939,1975,NM,WYEGB,0.0,Billion Btu,0.0
104944,1980,NM,WYEGB,0.0,Billion Btu,0.0
104949,1985,NM,WYEGB,0.0,Billion Btu,0.0
104954,1990,NM,WYEGB,0.0,Billion Btu,0.0
104959,1995,NM,WYEGB,0.0,Billion Btu,0.0
104964,2000,NM,WYEGB,0.0,Billion Btu,0.0
104969,2005,NM,WYEGB,7945.50537,Billion Btu,0.00963487343900427
104973,2009,NM,WYEGB,15095.96768,Billion Btu,0.018051887540432954
104974,1960,TX,WYEGB,0.0,Billion Btu,0.0
104979,1965,TX,WYEGB,0.0,Billion Btu,0.0
104984,1970,TX,WYEGB,0.0,Billion Btu,0.0
104989,1975,TX,WYEGB,0.0,Billion Btu,0.0
104994,1980,TX,WYEGB,0.0,Billion Btu,0.0
104999,1985,TX,WYEGB,0.0,Billion Btu,0.0
105004,1990,TX,WYEGB,0.0,Billion Btu,0.0
105009,1995,TX,WYEGB,0.0,Billion Btu,0.0
105014,2000,TX,WYEGB,5020.38135,Billion Btu,0.0004171018829652759
105019,2005,TX,WYEGB,42367.85279,Billion Btu,0.0036955739155103426
105023,2009,TX,WYEGB,195454.7653,Billion Btu,0.01745685750435436
